species,common_name,x,y
Fraxinus latifolia,Oregon ash,-122.632038,37.967602
Fraxinus latifolia,Oregon ash,-121.782239,39.717631
Fraxinus latifolia,Oregon ash,-118.476283,35.961953
Fraxinus latifolia,Oregon ash,-121.567666,39.686932
Fraxinus latifolia,Oregon ash,-118.449049,35.782658
Fraxinus latifolia,Oregon ash,-121.7774,39.7712
Fraxinus latifolia,Oregon ash,-122.068433,37.418007
Fraxinus latifolia,Oregon ash,-121.56939,39.683134
Fraxinus latifolia,Oregon ash,-122.036258,40.106399
Fraxinus latifolia,Oregon ash,-122.62715,38.11836
Fraxinus latifolia,Oregon ash,-121.572717,39.494787
Fraxinus latifolia,Oregon ash,-122.2398,37.40995
Fraxinus latifolia,Oregon ash,-121.524704,38.869237
Fraxinus latifolia,Oregon ash,-121.574177,39.70926
Fraxinus latifolia,Oregon ash,-121.570553,39.68296
Fraxinus latifolia,Oregon ash,-121.514675,39.559994
Fraxinus latifolia,Oregon ash,-122.674428,38.021667
Fraxinus latifolia,Oregon ash,-122.004,37.2888
Fraxinus latifolia,Oregon ash,-118.868544,35.441371
Fraxinus latifolia,Oregon ash,-122.1395,37.4559
Fraxinus latifolia,Oregon ash,-121.933047,36.98234
Fraxinus latifolia,Oregon ash,-121.780447,39.766515
Fraxinus latifolia,Oregon ash,-121.350805,38.937554
Fraxinus latifolia,Oregon ash,-121.395835,38.940306
Fraxinus latifolia,Oregon ash,-122.950928,38.683392
Fraxinus latifolia,Oregon ash,-121.788791,39.734395
Fraxinus latifolia,Oregon ash,-121.304139,38.61459
Fraxinus latifolia,Oregon ash,-122.301787,37.882562
Fraxinus latifolia,Oregon ash,-122.301861,37.882574
Fraxinus latifolia,Oregon ash,-122.303612,37.882276
Fraxinus latifolia,Oregon ash,-121.965953,39.745244
Fraxinus latifolia,Oregon ash,-122.1356,37.4541
Fraxinus latifolia,Oregon ash,-123.011191,38.821904
Fraxinus latifolia,Oregon ash,-121.833863,39.326247
Fraxinus latifolia,Oregon ash,-121.791741,39.743437
Fraxinus latifolia,Oregon ash,-117.74413,33.91765
Fraxinus latifolia,Oregon ash,-122.789054,38.604611
Fraxinus latifolia,Oregon ash,-121.845435,39.776698
Fraxinus latifolia,Oregon ash,-119.013734,36.055982
Fraxinus latifolia,Oregon ash,-122.616602,38.444808
Fraxinus latifolia,Oregon ash,-122.348092,37.542993
Fraxinus latifolia,Oregon ash,-121.971052,39.752457
Fraxinus latifolia,Oregon ash,-122.356683,37.53047
Fraxinus latifolia,Oregon ash,-122.091195,39.911233
Fraxinus latifolia,Oregon ash,-121.78147,39.724923
Fraxinus latifolia,Oregon ash,-121.570589,39.829313
Fraxinus latifolia,Oregon ash,-121.81863,37.29146
Fraxinus latifolia,Oregon ash,-121.439934,38.263512
Fraxinus latifolia,Oregon ash,-121.30093,39.952058
Fraxinus latifolia,Oregon ash,-121.274377,39.997505
Fraxinus latifolia,Oregon ash,-121.32718,38.60102
Fraxinus latifolia,Oregon ash,-121.815761,39.734721
Fraxinus latifolia,Oregon ash,-121.670041,39.747483
Fraxinus latifolia,Oregon ash,-122.395044,37.561586
Fraxinus latifolia,Oregon ash,-121.577023,39.751521
Fraxinus latifolia,Oregon ash,-121.438198,38.92612
Fraxinus latifolia,Oregon ash,-121.626208,39.7651
Fraxinus latifolia,Oregon ash,-121.57508,36.99169
Fraxinus latifolia,Oregon ash,-123.632,39.654786
Fraxinus latifolia,Oregon ash,-122.304922,37.882001
Fraxinus latifolia,Oregon ash,-122.304415,37.88221
Fraxinus latifolia,Oregon ash,-122.304276,37.882174
Fraxinus latifolia,Oregon ash,-122.303676,37.882294
Fraxinus latifolia,Oregon ash,-122.615238,37.978317
Fraxinus latifolia,Oregon ash,-123.350448,39.432633
Fraxinus latifolia,Oregon ash,-122.16009,37.349598
Fraxinus latifolia,Oregon ash,-121.169485,38.684886
Fraxinus latifolia,Oregon ash,-119.021669,36.056136
Fraxinus latifolia,Oregon ash,-122.302885,37.882381
Fraxinus latifolia,Oregon ash,-119.028638,36.056557
Fraxinus latifolia,Oregon ash,-122.16009,37.349598
Fraxinus latifolia,Oregon ash,-121.57411,36.99208
Fraxinus latifolia,Oregon ash,-121.169276,38.685191
Fraxinus latifolia,Oregon ash,-121.210742,38.452945
Fraxinus latifolia,Oregon ash,-122.299091,37.88288
Fraxinus latifolia,Oregon ash,-121.206695,38.452546
Fraxinus latifolia,Oregon ash,-121.206443,38.452184
Fraxinus latifolia,Oregon ash,-121.205028,38.451158
Fraxinus latifolia,Oregon ash,-121.169706,38.685364
Fraxinus latifolia,Oregon ash,-122.301429,37.882636
Fraxinus latifolia,Oregon ash,-122.30403,37.882161
Fraxinus latifolia,Oregon ash,-121.169377,38.68483
Fraxinus latifolia,Oregon ash,-121.778226,39.697689
Fraxinus latifolia,Oregon ash,-121.168153,38.684793
Fraxinus latifolia,Oregon ash,-121.169357,38.685049
Fraxinus latifolia,Oregon ash,-119.388056,37.080475
Fraxinus latifolia,Oregon ash,-119.388986,37.08026
Fraxinus latifolia,Oregon ash,-122.160212,37.34961
Fraxinus latifolia,Oregon ash,-122.612821,38.116478
Fraxinus latifolia,Oregon ash,-121.300734,39.950996
Fraxinus latifolia,Oregon ash,-119.181814,36.328221
Fraxinus latifolia,Oregon ash,-121.240754,40.007354
Fraxinus latifolia,Oregon ash,-122.18392,37.43464
Fraxinus latifolia,Oregon ash,-122.851877,38.403638
Fraxinus latifolia,Oregon ash,-121.311427,39.250954
Fraxinus latifolia,Oregon ash,-121.631994,38.555268
Fraxinus latifolia,Oregon ash,-121.616751,39.423684
Fraxinus latifolia,Oregon ash,-121.994302,39.8684
Fraxinus latifolia,Oregon ash,-121.629407,38.552535
Fraxinus latifolia,Oregon ash,-123.79622,40.090275
Fraxinus latifolia,Oregon ash,-122.059329,37.874771
Fraxinus latifolia,Oregon ash,-121.76023,39.7726
Fraxinus latifolia,Oregon ash,-120.14362,34.585762
Fraxinus latifolia,Oregon ash,-123.367029,38.650119
Fraxinus latifolia,Oregon ash,-123.364227,38.651803
Fraxinus latifolia,Oregon ash,-120.953716,38.819564
Fraxinus latifolia,Oregon ash,-122.550876,38.023003
Fraxinus latifolia,Oregon ash,-122.806327,38.40175
Fraxinus latifolia,Oregon ash,-122.806337,38.401724
Fraxinus latifolia,Oregon ash,-122.806262,38.401799
Fraxinus latifolia,Oregon ash,-122.806236,38.401849
Fraxinus latifolia,Oregon ash,-122.806206,38.401869
Fraxinus latifolia,Oregon ash,-122.80611,38.401942
Fraxinus latifolia,Oregon ash,-122.806188,38.401863
Fraxinus latifolia,Oregon ash,-122.805651,38.403101
Fraxinus latifolia,Oregon ash,-122.805668,38.403045
Fraxinus latifolia,Oregon ash,-122.805683,38.402985
Fraxinus latifolia,Oregon ash,-122.805671,38.402928
Fraxinus latifolia,Oregon ash,-122.805675,38.402641
Fraxinus latifolia,Oregon ash,-122.805693,38.402559
Fraxinus latifolia,Oregon ash,-122.805682,38.402512
Fraxinus latifolia,Oregon ash,-122.805766,38.402271
Fraxinus latifolia,Oregon ash,-122.805811,38.402218
Fraxinus latifolia,Oregon ash,-122.80588,38.402124
Fraxinus latifolia,Oregon ash,-122.805934,38.402045
Fraxinus latifolia,Oregon ash,-122.805962,38.401946
Fraxinus latifolia,Oregon ash,-122.805748,38.40245
Fraxinus latifolia,Oregon ash,-122.805706,38.402735
Fraxinus latifolia,Oregon ash,-122.805666,38.402874
Fraxinus latifolia,Oregon ash,-122.805673,38.403143
Fraxinus latifolia,Oregon ash,-122.805644,38.40315
Fraxinus latifolia,Oregon ash,-122.805663,38.402739
Fraxinus latifolia,Oregon ash,-122.805677,38.402384
Fraxinus latifolia,Oregon ash,-122.805858,38.402059
Fraxinus latifolia,Oregon ash,-122.805991,38.401892
Fraxinus latifolia,Oregon ash,-122.805668,38.40234
Fraxinus latifolia,Oregon ash,-122.805618,38.402324
Fraxinus latifolia,Oregon ash,-122.8058,38.40203
Fraxinus latifolia,Oregon ash,-122.805638,38.402277
Fraxinus latifolia,Oregon ash,-122.805837,38.401929
Fraxinus latifolia,Oregon ash,-122.805922,38.401888
Fraxinus latifolia,Oregon ash,-122.805591,38.402348
Fraxinus latifolia,Oregon ash,-122.805589,38.403239
Fraxinus latifolia,Oregon ash,-119.790335,36.87792
Fraxinus latifolia,Oregon ash,-122.677824,38.583289
Fraxinus latifolia,Oregon ash,-123.626466,39.756256
Fraxinus latifolia,Oregon ash,-123.637838,39.741695
Fraxinus latifolia,Oregon ash,-122.590044,37.9748
Fraxinus latifolia,Oregon ash,-116.500835,33.586337
Fraxinus latifolia,Oregon ash,-122.776777,38.611344
Fraxinus latifolia,Oregon ash,-122.863651,38.516896
Fraxinus latifolia,Oregon ash,-122.856245,38.517765
Fraxinus latifolia,Oregon ash,-122.852068,38.407361
Fraxinus latifolia,Oregon ash,-122.851286,38.407975
Fraxinus latifolia,Oregon ash,-122.997419,38.513206
Fraxinus latifolia,Oregon ash,-122.581954,38.042086
Fraxinus latifolia,Oregon ash,-122.73617,38.60255
Fraxinus latifolia,Oregon ash,-122.815869,38.401298
Fraxinus latifolia,Oregon ash,-119.57201,37.34129
Fraxinus latifolia,Oregon ash,-122.828118,38.429409
Fraxinus latifolia,Oregon ash,-122.983516,38.769767
Fraxinus latifolia,Oregon ash,-122.882535,38.448496
Fraxinus latifolia,Oregon ash,-122.878113,38.447752
Fraxinus latifolia,Oregon ash,-121.3303,38.58098
Fraxinus latifolia,Oregon ash,-122.931486,38.381943
Fraxinus latifolia,Oregon ash,-123.042062,38.572319
Fraxinus latifolia,Oregon ash,-122.730455,38.744882
Fraxinus latifolia,Oregon ash,-121.223144,40.015224
Fraxinus latifolia,Oregon ash,-122.019618,39.327583
Fraxinus latifolia,Oregon ash,-122.010086,39.438214
Fraxinus latifolia,Oregon ash,-122.010633,39.475891
Fraxinus latifolia,Oregon ash,-121.946231,39.699777
Fraxinus latifolia,Oregon ash,-122.176323,39.538841
Fraxinus latifolia,Oregon ash,-122.091033,40.087998
Fraxinus latifolia,Oregon ash,-122.037827,40.055476
Fraxinus latifolia,Oregon ash,-122.005429,39.411855
Fraxinus latifolia,Oregon ash,-122.023836,39.355452
Fraxinus latifolia,Oregon ash,-121.32228,38.59959
Fraxinus latifolia,Oregon ash,-121.10375,38.54604
Fraxinus latifolia,Oregon ash,-120.673849,37.813537
Fraxinus latifolia,Oregon ash,-120.672705,37.813415
Fraxinus latifolia,Oregon ash,-120.67171,37.812548
Fraxinus latifolia,Oregon ash,-120.681759,37.809043
Fraxinus latifolia,Oregon ash,-120.701289,37.812904
Fraxinus latifolia,Oregon ash,-121.619228,38.707328
Fraxinus latifolia,Oregon ash,-121.604861,38.653054
Fraxinus latifolia,Oregon ash,-121.590198,38.599062000000004
Fraxinus latifolia,Oregon ash,-121.723427,38.802094
Fraxinus latifolia,Oregon ash,-121.722535,38.801057
Fraxinus latifolia,Oregon ash,-121.693374,38.784262
Fraxinus latifolia,Oregon ash,-121.635203,38.749643
Fraxinus latifolia,Oregon ash,-121.802561,38.526902
Fraxinus latifolia,Oregon ash,-121.804362,38.526903
Fraxinus latifolia,Oregon ash,-121.832579,39.037587
Fraxinus latifolia,Oregon ash,-121.824661,39.009204
Fraxinus latifolia,Oregon ash,-121.809368,38.914812
Fraxinus latifolia,Oregon ash,-121.814557,38.888534
Fraxinus latifolia,Oregon ash,-121.976718,38.371026
Fraxinus latifolia,Oregon ash,-122.612361,37.96487
Fraxinus latifolia,Oregon ash,-122.612005,37.962558
Fraxinus latifolia,Oregon ash,-121.215546,38.079543
Fraxinus latifolia,Oregon ash,-121.242452,38.082409
Fraxinus latifolia,Oregon ash,-120.819095,37.790012
Fraxinus latifolia,Oregon ash,-120.372321,37.515489
Fraxinus latifolia,Oregon ash,-121.098399,38.056402
Fraxinus latifolia,Oregon ash,-119.730943,36.979027
Fraxinus latifolia,Oregon ash,-119.727556,36.981682
Fraxinus latifolia,Oregon ash,-119.726148,36.983139
Fraxinus latifolia,Oregon ash,-119.722367,36.985145
Fraxinus latifolia,Oregon ash,-119.760384,36.919978
Fraxinus latifolia,Oregon ash,-119.755181,36.921667
Fraxinus latifolia,Oregon ash,-119.75283,36.924317
Fraxinus latifolia,Oregon ash,-119.754281,36.932511
Fraxinus latifolia,Oregon ash,-119.750337,36.928646
Fraxinus latifolia,Oregon ash,-119.787123,36.87662
Fraxinus latifolia,Oregon ash,-119.863054,36.854177
Fraxinus latifolia,Oregon ash,-119.866035,36.849618
Fraxinus latifolia,Oregon ash,-119.407751,36.787124
Fraxinus latifolia,Oregon ash,-119.818038,36.383547
Fraxinus latifolia,Oregon ash,-119.460184,36.587856
Fraxinus latifolia,Oregon ash,-122.038576,39.792895
Fraxinus latifolia,Oregon ash,-121.963253,39.729889
Fraxinus latifolia,Oregon ash,-121.979897,39.744632
Fraxinus latifolia,Oregon ash,-122.055388,39.835145
Fraxinus latifolia,Oregon ash,-122.057277,39.832881
Fraxinus latifolia,Oregon ash,-121.887095,39.362433
Fraxinus latifolia,Oregon ash,-121.784566,39.707423
Fraxinus latifolia,Oregon ash,-121.787391,39.707264
Fraxinus latifolia,Oregon ash,-121.882381,39.373444
Fraxinus latifolia,Oregon ash,-121.839769,39.732198
Fraxinus latifolia,Oregon ash,-121.874149,39.478191
Fraxinus latifolia,Oregon ash,-121.875191,39.428653
Fraxinus latifolia,Oregon ash,-121.813965,39.735811
Fraxinus latifolia,Oregon ash,-121.582925,39.321049
Fraxinus latifolia,Oregon ash,-121.56991,39.321052
Fraxinus latifolia,Oregon ash,-121.569562,39.321029
Fraxinus latifolia,Oregon ash,-121.94305,39.706488
Fraxinus latifolia,Oregon ash,-121.941073,39.728959
Fraxinus latifolia,Oregon ash,-121.940489,39.603065
Fraxinus latifolia,Oregon ash,-121.992806,39.53817
Fraxinus latifolia,Oregon ash,-122.029365,39.833236
Fraxinus latifolia,Oregon ash,-122.02351,39.818447
Fraxinus latifolia,Oregon ash,-121.854143,39.777426
Fraxinus latifolia,Oregon ash,-122.611507,37.958229
Fraxinus latifolia,Oregon ash,-121.572855,38.943455
Fraxinus latifolia,Oregon ash,-121.613021,39.025063
Fraxinus latifolia,Oregon ash,-121.613054,39.026334
Fraxinus latifolia,Oregon ash,-121.757544,39.094427
Fraxinus latifolia,Oregon ash,-121.769291,39.100507
Fraxinus latifolia,Oregon ash,-121.747644,39.0527
Fraxinus latifolia,Oregon ash,-121.638633,38.909215
Fraxinus latifolia,Oregon ash,-121.358471,39.099294
Fraxinus latifolia,Oregon ash,-121.603335,39.011269
Fraxinus latifolia,Oregon ash,-121.589254,39.1489
Fraxinus latifolia,Oregon ash,-121.481279,39.275644
Fraxinus latifolia,Oregon ash,-121.606709,39.042955
Fraxinus latifolia,Oregon ash,-121.6022,39.040153
Fraxinus latifolia,Oregon ash,-121.945091,39.238519
Fraxinus latifolia,Oregon ash,-121.930515,39.238458
Fraxinus latifolia,Oregon ash,-121.926847,39.2503
Fraxinus latifolia,Oregon ash,-121.850105,39.161552
Fraxinus latifolia,Oregon ash,-121.838741,39.141687
Fraxinus latifolia,Oregon ash,-121.773672,39.102644
Fraxinus latifolia,Oregon ash,-121.772027,39.100762
Fraxinus latifolia,Oregon ash,-121.836504,39.139818
Fraxinus latifolia,Oregon ash,-121.596247,38.894142
Fraxinus latifolia,Oregon ash,-121.67257,38.964537
Fraxinus latifolia,Oregon ash,-121.67437,38.965792
Fraxinus latifolia,Oregon ash,-121.708578,38.988855
Fraxinus latifolia,Oregon ash,-121.748098,39.072132
Fraxinus latifolia,Oregon ash,-121.387277,38.304337
Fraxinus latifolia,Oregon ash,-121.319063,38.601942
Fraxinus latifolia,Oregon ash,-121.442508,38.446096
Fraxinus latifolia,Oregon ash,-121.429344,38.441748
Fraxinus latifolia,Oregon ash,-121.475228,38.602379
Fraxinus latifolia,Oregon ash,-122.579528,38.577257
Fraxinus latifolia,Oregon ash,-122.010698,39.278021
Fraxinus latifolia,Oregon ash,-121.559884,38.616202
Fraxinus latifolia,Oregon ash,-121.621357,38.670713
Fraxinus latifolia,Oregon ash,-121.630515,38.680544
Fraxinus latifolia,Oregon ash,-121.839085,38.956256
Fraxinus latifolia,Oregon ash,-121.914538,39.118684
Fraxinus latifolia,Oregon ash,-121.326437,38.587513
Fraxinus latifolia,Oregon ash,-121.375083,38.568662
Fraxinus latifolia,Oregon ash,-121.271636,38.631186
Fraxinus latifolia,Oregon ash,-120.431013,36.84641
Fraxinus latifolia,Oregon ash,-119.636404,36.453507
Fraxinus latifolia,Oregon ash,-120.848798,37.366026
Fraxinus latifolia,Oregon ash,-121.581053,38.999836
Fraxinus latifolia,Oregon ash,-121.572057,38.953312
Fraxinus latifolia,Oregon ash,-121.577545,39.494105
Fraxinus latifolia,Oregon ash,-121.591239,39.335125
Fraxinus latifolia,Oregon ash,-121.524423,38.892455
Fraxinus latifolia,Oregon ash,-121.524066,38.887449
Fraxinus latifolia,Oregon ash,-121.445731,39.02235
Fraxinus latifolia,Oregon ash,-121.409865,39.032121
Fraxinus latifolia,Oregon ash,-121.349173,38.937441
Fraxinus latifolia,Oregon ash,-121.575849,39.142267
Fraxinus latifolia,Oregon ash,-121.337405,38.362846
Fraxinus latifolia,Oregon ash,-121.340489,38.361097
Fraxinus latifolia,Oregon ash,-121.341583,38.360319
Fraxinus latifolia,Oregon ash,-121.586842,39.092428
Fraxinus latifolia,Oregon ash,-121.967563,38.520426
Fraxinus latifolia,Oregon ash,-121.967271,38.519991
Fraxinus latifolia,Oregon ash,-121.775584,38.519856
Fraxinus latifolia,Oregon ash,-122.964949,38.496089
Fraxinus latifolia,Oregon ash,-121.90834,39.18726
Fraxinus latifolia,Oregon ash,-122.2398,37.40995
Fraxinus latifolia,Oregon ash,-122.2398,37.40995
Fraxinus latifolia,Oregon ash,-122.265833,38.907222
Fraxinus latifolia,Oregon ash,-121.595532,39.306722
Fraxinus latifolia,Oregon ash,-121.605358,39.075234
Fraxinus latifolia,Oregon ash,-121.402409,39.228897
Fraxinus latifolia,Oregon ash,-121.28852,39.107551
Fraxinus latifolia,Oregon ash,-121.292901,39.108598
Fraxinus latifolia,Oregon ash,-121.353792,39.099624
Fraxinus latifolia,Oregon ash,-121.630599,38.552313
Fraxinus latifolia,Oregon ash,-121.601029,38.554523
Fraxinus latifolia,Oregon ash,-121.630745,38.531282
Fraxinus latifolia,Oregon ash,-121.583535,38.572317
Fraxinus latifolia,Oregon ash,-121.579595,38.601574
Fraxinus latifolia,Oregon ash,-121.580561,38.601514
Fraxinus latifolia,Oregon ash,-121.753475,38.517451
Fraxinus latifolia,Oregon ash,-121.792641,38.526053
Fraxinus latifolia,Oregon ash,-122.086796,38.514721
Fraxinus latifolia,Oregon ash,-121.827164,39.73718
Fraxinus latifolia,Oregon ash,-121.803403,39.747344
Fraxinus latifolia,Oregon ash,-121.783763,39.7657
Fraxinus latifolia,Oregon ash,-122.055201,39.865002
Fraxinus latifolia,Oregon ash,-121.939571,39.707447
Fraxinus latifolia,Oregon ash,-121.950399,39.712618
Fraxinus latifolia,Oregon ash,-121.971088,39.684818
Fraxinus latifolia,Oregon ash,-122.100731,39.919449
Fraxinus latifolia,Oregon ash,-122.085692,39.915304
Fraxinus latifolia,Oregon ash,-122.093763,39.933216
Fraxinus latifolia,Oregon ash,-122.005166,39.756024
Fraxinus latifolia,Oregon ash,-121.975104,39.614269
Fraxinus latifolia,Oregon ash,-121.998237,39.75163
Fraxinus latifolia,Oregon ash,-122.034522,39.789608
Fraxinus latifolia,Oregon ash,-122.128325,40.090555
Fraxinus latifolia,Oregon ash,-122.091537,40.050063
Fraxinus latifolia,Oregon ash,-122.111454,40.037504
Fraxinus latifolia,Oregon ash,-122.112806,40.010063
Fraxinus latifolia,Oregon ash,-122.129491,40.00263
Fraxinus latifolia,Oregon ash,-122.129508,40.002261
Fraxinus latifolia,Oregon ash,-122.112917,40.011451
Fraxinus latifolia,Oregon ash,-119.839972,36.860103
Fraxinus latifolia,Oregon ash,-119.84225,36.859859
Fraxinus latifolia,Oregon ash,-119.504187,36.516001
Fraxinus latifolia,Oregon ash,-119.703289,36.425901
Fraxinus latifolia,Oregon ash,-119.697162,36.424138
Fraxinus latifolia,Oregon ash,-119.74171,36.941918
Fraxinus latifolia,Oregon ash,-119.464676,36.60541
Fraxinus latifolia,Oregon ash,-119.789366,36.876557
Fraxinus latifolia,Oregon ash,-119.78501,36.881206
Fraxinus latifolia,Oregon ash,-119.784802,36.882407
Fraxinus latifolia,Oregon ash,-119.794968,36.87751
Fraxinus latifolia,Oregon ash,-120.494542,37.645242
Fraxinus latifolia,Oregon ash,-121.44105,37.801527
Fraxinus latifolia,Oregon ash,-121.572821,38.35035
Fraxinus latifolia,Oregon ash,-121.579676,38.345666
Fraxinus latifolia,Oregon ash,-121.342258,38.358815
Fraxinus latifolia,Oregon ash,-121.328879,38.364798
Fraxinus latifolia,Oregon ash,-121.72878,38.101466
Fraxinus latifolia,Oregon ash,-121.435712,38.257889
Fraxinus latifolia,Oregon ash,-121.413701,38.239922
Fraxinus latifolia,Oregon ash,-121.63343,38.291116
Fraxinus latifolia,Oregon ash,-121.629469,38.29198
Fraxinus latifolia,Oregon ash,-121.62633,38.291096
Fraxinus latifolia,Oregon ash,-121.586065,38.327251
Fraxinus latifolia,Oregon ash,-121.611969,38.28862
Fraxinus latifolia,Oregon ash,-121.587973,38.284873
Fraxinus latifolia,Oregon ash,-121.279469,38.416916
Fraxinus latifolia,Oregon ash,-121.293283,38.240368
Fraxinus latifolia,Oregon ash,-121.206208,38.160218
Fraxinus latifolia,Oregon ash,-121.226405,38.3109
Fraxinus latifolia,Oregon ash,-121.226412,38.310134
Fraxinus latifolia,Oregon ash,-121.380464,38.29543
Fraxinus latifolia,Oregon ash,-121.378249,38.307601
Fraxinus latifolia,Oregon ash,-121.378297,38.312675
Fraxinus latifolia,Oregon ash,-121.343332,38.331255
Fraxinus latifolia,Oregon ash,-121.216963,37.629369
Fraxinus latifolia,Oregon ash,-121.150774,38.072946
Fraxinus latifolia,Oregon ash,-121.123837,38.072032
Fraxinus latifolia,Oregon ash,-121.589862,38.13263
Fraxinus latifolia,Oregon ash,-121.601438,38.232018
Fraxinus latifolia,Oregon ash,-121.616779,38.195359
Fraxinus latifolia,Oregon ash,-121.603486,38.237864
Fraxinus latifolia,Oregon ash,-121.556226,38.209049
Fraxinus latifolia,Oregon ash,-121.555888,38.219192
Fraxinus latifolia,Oregon ash,-121.405517,38.261006
Fraxinus latifolia,Oregon ash,-121.092707,38.205135
Fraxinus latifolia,Oregon ash,-121.087587,38.052298
Fraxinus latifolia,Oregon ash,-121.094205,38.204619
Fraxinus latifolia,Oregon ash,-121.374588,37.821925
Fraxinus latifolia,Oregon ash,-120.757317,37.636691
Fraxinus latifolia,Oregon ash,-120.848813,37.366296
Fraxinus latifolia,Oregon ash,-120.664672,37.424326
Fraxinus latifolia,Oregon ash,-120.971876,37.365921
Fraxinus latifolia,Oregon ash,-120.959239,37.351013
Fraxinus latifolia,Oregon ash,-120.844098,37.619033
Fraxinus latifolia,Oregon ash,-120.984818,37.62801
Fraxinus latifolia,Oregon ash,-120.974899,37.647766
Fraxinus latifolia,Oregon ash,-120.980532,37.645699
Fraxinus latifolia,Oregon ash,-121.229817,37.66499
Fraxinus latifolia,Oregon ash,-121.143794,37.71993
Fraxinus latifolia,Oregon ash,-121.206327,37.624954
Fraxinus latifolia,Oregon ash,-120.05372,36.822044
Fraxinus latifolia,Oregon ash,-120.056736,36.823191
Fraxinus latifolia,Oregon ash,-120.060388,36.821471
Fraxinus latifolia,Oregon ash,-119.904211,36.849258
Fraxinus latifolia,Oregon ash,-121.422814,38.261871
Fraxinus latifolia,Oregon ash,-121.526477,38.228118
Fraxinus latifolia,Oregon ash,-121.419089,38.269724
Fraxinus latifolia,Oregon ash,-121.418207,38.262962
Fraxinus latifolia,Oregon ash,-121.418568,38.262652
Fraxinus latifolia,Oregon ash,-121.777627,38.260661
Fraxinus latifolia,Oregon ash,-122.038865,40.105054
Fraxinus latifolia,Oregon ash,-122.040372,40.104697
Fraxinus latifolia,Oregon ash,-122.011681,39.236904
Fraxinus latifolia,Oregon ash,-122.008279,39.456634
Fraxinus latifolia,Oregon ash,-122.015348,39.447404
Fraxinus latifolia,Oregon ash,-122.016668,39.319484
Fraxinus latifolia,Oregon ash,-122.009253,39.414987000000004
Fraxinus latifolia,Oregon ash,-123.363528,38.652455
Fraxinus latifolia,Oregon ash,-123.364112,38.652075
Fraxinus latifolia,Oregon ash,-123.405841,38.770001
Fraxinus latifolia,Oregon ash,-123.411205,38.701736
Fraxinus latifolia,Oregon ash,-123.285668,38.678607
Fraxinus latifolia,Oregon ash,-123.295875,38.681069
Fraxinus latifolia,Oregon ash,-121.329173,38.59778
Fraxinus latifolia,Oregon ash,-121.455649,38.672463
Fraxinus latifolia,Oregon ash,-121.327318,38.588661
Fraxinus latifolia,Oregon ash,-121.303072,38.624626
Fraxinus latifolia,Oregon ash,-120.964274,38.823978
Fraxinus latifolia,Oregon ash,-122.012002,40.107089
Fraxinus latifolia,Oregon ash,-121.699565,38.8053
Fraxinus latifolia,Oregon ash,-121.724084,38.802038
Fraxinus latifolia,Oregon ash,-121.876856,39.494246
Fraxinus latifolia,Oregon ash,-121.999711,39.465652
Fraxinus latifolia,Oregon ash,-121.645551,39.4552
Fraxinus latifolia,Oregon ash,-121.674607,38.755071
Fraxinus latifolia,Oregon ash,-121.662114,38.763426
Fraxinus latifolia,Oregon ash,-121.916091,39.29556
Fraxinus latifolia,Oregon ash,-121.910856,39.188726
Fraxinus latifolia,Oregon ash,-121.905229,39.187214
Fraxinus latifolia,Oregon ash,-121.884062,39.46469
Fraxinus latifolia,Oregon ash,-121.883887,39.469806
Fraxinus latifolia,Oregon ash,-121.877899,39.500239
Fraxinus latifolia,Oregon ash,-121.879323,39.445569
Fraxinus latifolia,Oregon ash,-121.884873,39.45248
Fraxinus latifolia,Oregon ash,-122.744432,38.703946
Fraxinus latifolia,Oregon ash,-123.063534,38.578032
Fraxinus latifolia,Oregon ash,-123.116668,38.58676
Fraxinus latifolia,Oregon ash,-123.060993,38.777755
Fraxinus latifolia,Oregon ash,-123.058863,38.552495
Fraxinus latifolia,Oregon ash,-123.056919,38.576053
Fraxinus latifolia,Oregon ash,-123.045382,38.44969
Fraxinus latifolia,Oregon ash,-123.055952,38.453877
Fraxinus latifolia,Oregon ash,-123.17301,38.557789
Fraxinus latifolia,Oregon ash,-123.173657,38.554823
Fraxinus latifolia,Oregon ash,-122.818555,38.406787
Fraxinus latifolia,Oregon ash,-122.818071,38.407777
Fraxinus latifolia,Oregon ash,-122.807997,38.444892
Fraxinus latifolia,Oregon ash,-122.81636,38.40061
Fraxinus latifolia,Oregon ash,-122.974698,38.442973
Fraxinus latifolia,Oregon ash,-122.969162,38.446838
Fraxinus latifolia,Oregon ash,-122.881789,38.448946
Fraxinus latifolia,Oregon ash,-122.878639,38.447951
Fraxinus latifolia,Oregon ash,-122.877417,38.445616
Fraxinus latifolia,Oregon ash,-122.930649,38.503427
Fraxinus latifolia,Oregon ash,-122.930705,38.505032
Fraxinus latifolia,Oregon ash,-122.93216,38.543199
Fraxinus latifolia,Oregon ash,-123.012394,38.816655
Fraxinus latifolia,Oregon ash,-122.852528,38.405654
Fraxinus latifolia,Oregon ash,-122.835857,38.454036
Fraxinus latifolia,Oregon ash,-122.857111,38.404668
Fraxinus latifolia,Oregon ash,-122.932345,38.381502
Fraxinus latifolia,Oregon ash,-122.931417,38.382177
Fraxinus latifolia,Oregon ash,-122.981472,38.348823
Fraxinus latifolia,Oregon ash,-123.20215,38.786616
Fraxinus latifolia,Oregon ash,-121.631422,39.290318
Fraxinus latifolia,Oregon ash,-121.631939,39.334637
Fraxinus latifolia,Oregon ash,-121.634059,39.354485
Fraxinus latifolia,Oregon ash,-121.633334,39.334491
Fraxinus latifolia,Oregon ash,-121.629414,39.386047
Fraxinus latifolia,Oregon ash,-121.580217,38.648098
Fraxinus latifolia,Oregon ash,-121.579725,38.647975
Fraxinus latifolia,Oregon ash,-121.609167,38.712597
Fraxinus latifolia,Oregon ash,-121.603902,38.722501
Fraxinus latifolia,Oregon ash,-121.605729,38.781176
Fraxinus latifolia,Oregon ash,-123.200938,38.563413
Fraxinus latifolia,Oregon ash,-121.622003,39.212384
Fraxinus latifolia,Oregon ash,-122.601564,38.230374
Fraxinus latifolia,Oregon ash,-122.682699,38.541932
Fraxinus latifolia,Oregon ash,-122.533696,38.442715
Fraxinus latifolia,Oregon ash,-122.646812,38.401934
Fraxinus latifolia,Oregon ash,-122.50305,38.369807
Fraxinus latifolia,Oregon ash,-122.541571,38.344387
Fraxinus latifolia,Oregon ash,-122.479595,38.300941
Fraxinus latifolia,Oregon ash,-122.57197,38.481415
Fraxinus latifolia,Oregon ash,-122.500363,38.404321
Fraxinus velutina,Arizona ash,-117.606629,33.718912
Fraxinus velutina,Arizona ash,-117.5364,33.6744
Fraxinus velutina,Arizona ash,-117.6089,33.7178
Fraxinus velutina,Arizona ash,-117.6169,33.7181
Fraxinus velutina,Arizona ash,-117.063066,32.688761
Fraxinus velutina,Arizona ash,-116.654938,33.287433
Fraxinus velutina,Arizona ash,-117.5121,33.5676
Fraxinus velutina,Arizona ash,-118.466819,35.895728
Fraxinus velutina,Arizona ash,-119.662842,34.446872
Fraxinus velutina,Arizona ash,-121.821989,37.972549
Fraxinus velutina,Arizona ash,-118.471503,34.175734
Fraxinus velutina,Arizona ash,-117.52141,33.67505
Fraxinus velutina,Arizona ash,-119.020065,34.183046
Fraxinus velutina,Arizona ash,-121.828621,37.974501
Fraxinus velutina,Arizona ash,-118.367058,34.268024
Fraxinus velutina,Arizona ash,-117.191704,32.842993
Fraxinus velutina,Arizona ash,-119.932043,36.843346
Fraxinus velutina,Arizona ash,-117.081288,32.743146
Fraxinus velutina,Arizona ash,-116.13344,34.036625
Fraxinus velutina,Arizona ash,-117.212431,33.416754
Fraxinus velutina,Arizona ash,-117.233727,33.41051
Fraxinus velutina,Arizona ash,-117.236889,33.408841
Fraxinus velutina,Arizona ash,-116.418758,33.578285
Fraxinus velutina,Arizona ash,-116.416747,33.575289
Fraxinus velutina,Arizona ash,-116.396193,33.561285
Fraxinus velutina,Arizona ash,-116.416669,33.574861
Fraxinus velutina,Arizona ash,-116.465422,33.582119
Fraxinus velutina,Arizona ash,-117.250305,33.409451
Fraxinus velutina,Arizona ash,-119.791855,36.878544
Fraxinus velutina,Arizona ash,-117.373624,33.509081
Fraxinus velutina,Arizona ash,-117.501391,33.563696
Fraxinus velutina,Arizona ash,-118.302884,34.13566
Fraxinus velutina,Arizona ash,-118.90011,34.218784
Fraxinus velutina,Arizona ash,-118.77136,34.75133
Fraxinus velutina,Arizona ash,-118.56611,34.60723
Fraxinus dipetala,Two petaled ash,-121.940625,37.884389
Fraxinus dipetala,Two petaled ash,-121.940566,37.883767
Fraxinus dipetala,Two petaled ash,-118.466295,34.378763
Fraxinus dipetala,Two petaled ash,-121.779442,40.351568
Fraxinus dipetala,Two petaled ash,-118.39196,34.36066
Fraxinus dipetala,Two petaled ash,-118.559403,34.365322
Fraxinus dipetala,Two petaled ash,-118.763488,34.489187
Fraxinus dipetala,Two petaled ash,-122.732313,40.157956
Fraxinus dipetala,Two petaled ash,-118.54469,34.336908
Fraxinus dipetala,Two petaled ash,-118.4663,34.378795
Fraxinus dipetala,Two petaled ash,-118.54045,34.340295
Fraxinus dipetala,Two petaled ash,-118.439278,34.377044
Fraxinus dipetala,Two petaled ash,-118.439406,34.375739
Fraxinus dipetala,Two petaled ash,-117.559062,33.666895
Fraxinus dipetala,Two petaled ash,-118.914875,34.455233
Fraxinus dipetala,Two petaled ash,-118.918722,34.454197
Fraxinus dipetala,Two petaled ash,-118.53122,34.329594
Fraxinus dipetala,Two petaled ash,-120.715902,36.333862
Fraxinus dipetala,Two petaled ash,-120.549737,36.350255
Fraxinus dipetala,Two petaled ash,-118.447655,34.3931
Fraxinus dipetala,Two petaled ash,-118.779031,34.111748
Fraxinus dipetala,Two petaled ash,-121.620629,39.870849
Fraxinus dipetala,Two petaled ash,-118.637695,34.626092
Fraxinus dipetala,Two petaled ash,-117.535078,33.673978
Fraxinus dipetala,Two petaled ash,-117.555278,33.663055
Fraxinus dipetala,Two petaled ash,-117.64661,33.74523
Fraxinus dipetala,Two petaled ash,-120.848556,36.3638
Fraxinus dipetala,Two petaled ash,-121.796061,37.845346
Fraxinus dipetala,Two petaled ash,-119.252953,34.556962
Fraxinus dipetala,Two petaled ash,-121.794111,37.840294
Fraxinus dipetala,Two petaled ash,-117.06517,33.966138
Fraxinus dipetala,Two petaled ash,-118.611313,34.373525
Fraxinus dipetala,Two petaled ash,-118.810853,34.131092
Fraxinus dipetala,Two petaled ash,-118.904137,34.457263
Fraxinus dipetala,Two petaled ash,-116.997171,34.088824
Fraxinus dipetala,Two petaled ash,-117.642195,33.696294
Fraxinus dipetala,Two petaled ash,-116.9766,34.0849
Fraxinus dipetala,Two petaled ash,-117,34.0887
Fraxinus dipetala,Two petaled ash,-118.352875,34.351011
Fraxinus dipetala,Two petaled ash,-117.01693,34.102137
Fraxinus dipetala,Two petaled ash,-117.015869,34.101255
Fraxinus dipetala,Two petaled ash,-121.938847,37.891178
Fraxinus dipetala,Two petaled ash,-121.940198,37.890275
Fraxinus dipetala,Two petaled ash,-119.27082,34.519122
Fraxinus dipetala,Two petaled ash,-122.4012,40.8814
Fraxinus dipetala,Two petaled ash,-121.915803,37.888212
Fraxinus dipetala,Two petaled ash,-119.866975,34.542606
Fraxinus dipetala,Two petaled ash,-121.93383,37.90837
Fraxinus dipetala,Two petaled ash,-117.633011,33.752913
Fraxinus dipetala,Two petaled ash,-119.160958,34.539917
Fraxinus dipetala,Two petaled ash,-117.598487,33.784914
Fraxinus dipetala,Two petaled ash,-119.867717,34.542666
Fraxinus dipetala,Two petaled ash,-119.272147,34.517637
Fraxinus dipetala,Two petaled ash,-120.861309,36.359243
Fraxinus dipetala,Two petaled ash,-120.861069,36.358984
Fraxinus dipetala,Two petaled ash,-120.861113,36.357407
Fraxinus dipetala,Two petaled ash,-120.861043,36.355711
Fraxinus dipetala,Two petaled ash,-120.859188,36.353463
Fraxinus dipetala,Two petaled ash,-120.85795,36.354509
Fraxinus dipetala,Two petaled ash,-120.85623,36.352426
Fraxinus dipetala,Two petaled ash,-120.855858,36.352884
Fraxinus dipetala,Two petaled ash,-120.854489,36.359383
Fraxinus dipetala,Two petaled ash,-120.850089,36.358327
Fraxinus dipetala,Two petaled ash,-120.848879,36.357382
Fraxinus dipetala,Two petaled ash,-120.847003,36.359176
Fraxinus dipetala,Two petaled ash,-120.848971,36.35941
Fraxinus dipetala,Two petaled ash,-120.849219,36.361811
Fraxinus dipetala,Two petaled ash,-120.845848,36.3596
Fraxinus dipetala,Two petaled ash,-120.760755,36.358395
Fraxinus dipetala,Two petaled ash,-120.763893,36.358012
Fraxinus dipetala,Two petaled ash,-120.770081,36.357667
Fraxinus dipetala,Two petaled ash,-120.898179,36.374012
Fraxinus dipetala,Two petaled ash,-120.896847,36.377165
Fraxinus dipetala,Two petaled ash,-120.895928,36.375567
Fraxinus dipetala,Two petaled ash,-120.900565,36.376216
Fraxinus dipetala,Two petaled ash,-120.902089,36.376761
Fraxinus dipetala,Two petaled ash,-120.908175,36.375141
Fraxinus dipetala,Two petaled ash,-120.91307,36.375334
Fraxinus dipetala,Two petaled ash,-120.911748,36.373163
Fraxinus dipetala,Two petaled ash,-120.917682,36.377253
Fraxinus dipetala,Two petaled ash,-120.917484,36.37563
Fraxinus dipetala,Two petaled ash,-120.921647,36.377903
Fraxinus dipetala,Two petaled ash,-120.922803,36.376244
Fraxinus dipetala,Two petaled ash,-120.92486,36.380957
Fraxinus dipetala,Two petaled ash,-120.874567,36.35678
Fraxinus dipetala,Two petaled ash,-120.875793,36.359627
Fraxinus dipetala,Two petaled ash,-120.879105,36.359613
Fraxinus dipetala,Two petaled ash,-120.878648,36.358807
Fraxinus dipetala,Two petaled ash,-120.879845,36.35862
Fraxinus dipetala,Two petaled ash,-120.880152,36.357766
Fraxinus dipetala,Two petaled ash,-120.881803,36.356946
Fraxinus dipetala,Two petaled ash,-120.884682,36.35317
Fraxinus dipetala,Two petaled ash,-120.885306,36.352106
Fraxinus dipetala,Two petaled ash,-120.888548,36.350647
Fraxinus dipetala,Two petaled ash,-120.892565,36.365974
Fraxinus dipetala,Two petaled ash,-120.890467,36.368008
Fraxinus dipetala,Two petaled ash,-120.889068,36.368261
Fraxinus dipetala,Two petaled ash,-120.891869,36.364553
Fraxinus dipetala,Two petaled ash,-120.886439,36.366187
Fraxinus dipetala,Two petaled ash,-120.886727,36.365244
Fraxinus dipetala,Two petaled ash,-120.887366,36.364097
Fraxinus dipetala,Two petaled ash,-120.887867,36.362201
Fraxinus dipetala,Two petaled ash,-120.882899,36.364178
Fraxinus dipetala,Two petaled ash,-120.883585,36.363045
Fraxinus dipetala,Two petaled ash,-120.88113800000001,36.362589
Fraxinus dipetala,Two petaled ash,-120.878757,36.359298
Fraxinus dipetala,Two petaled ash,-120.880035,36.358238
Fraxinus dipetala,Two petaled ash,-120.819392,36.303593
Fraxinus dipetala,Two petaled ash,-120.805678,36.301368
Fraxinus dipetala,Two petaled ash,-120.478245,35.941249
Fraxinus dipetala,Two petaled ash,-120.479574,35.941127
Fraxinus dipetala,Two petaled ash,-120.476419,35.932264
Fraxinus dipetala,Two petaled ash,-120.479247,35.933216
Fraxinus dipetala,Two petaled ash,-120.480865,35.933117
Fraxinus dipetala,Two petaled ash,-120.483215,35.933428
Fraxinus dipetala,Two petaled ash,-120.484407,35.933779
Fraxinus dipetala,Two petaled ash,-120.496478,35.960763
Fraxinus dipetala,Two petaled ash,-120.49716,35.960466
Fraxinus dipetala,Two petaled ash,-120.499072,35.96223
Fraxinus dipetala,Two petaled ash,-120.516813,35.97276
Fraxinus dipetala,Two petaled ash,-122.621645,38.603438
Fraxinus dipetala,Two petaled ash,-121.624582,39.872215
Fraxinus dipetala,Two petaled ash,-117.065589,33.966483
Fraxinus dipetala,Two petaled ash,-117.88398,34.240447
Fraxinus dipetala,Two petaled ash,-119.484821,34.487398
Fraxinus dipetala,Two petaled ash,-121.800721,37.145968
Fraxinus dipetala,Two petaled ash,-120.002071,37.576935
Fraxinus dipetala,Two petaled ash,-118.757828,34.631528
Fraxinus dipetala,Two petaled ash,-121.800803,37.145917
Fraxinus dipetala,Two petaled ash,-119.270408,34.52024
Fraxinus dipetala,Two petaled ash,-122.156708,40.278713
Fraxinus dipetala,Two petaled ash,-120.15993,35.064609
Fraxinus dipetala,Two petaled ash,-120.15668,35.06484
Fraxinus dipetala,Two petaled ash,-117.44711,33.66527
Fraxinus dipetala,Two petaled ash,-121.564243,39.742183
Fraxinus dipetala,Two petaled ash,-121.613473,39.811275
Fraxinus dipetala,Two petaled ash,-121.611614,39.812168
Fraxinus dipetala,Two petaled ash,-121.623799,39.869469
Fraxinus dipetala,Two petaled ash,-117.44296,33.66378
Fraxinus dipetala,Two petaled ash,-121.571361,39.79646
Fraxinus dipetala,Two petaled ash,-122.541512,38.986962
Fraxinus dipetala,Two petaled ash,-117.42333000000001,33.68361
Fraxinus dipetala,Two petaled ash,-118.695777,36.174884
Fraxinus dipetala,Two petaled ash,-117.43128,33.66489
Fraxinus dipetala,Two petaled ash,-121.189895,36.47218
Fraxinus dipetala,Two petaled ash,-122.389909,39.019755
Fraxinus dipetala,Two petaled ash,-122.389982,39.01974
Fraxinus dipetala,Two petaled ash,-121.41519,37.16034
Fraxinus dipetala,Two petaled ash,-119.067725,34.444756
Fraxinus dipetala,Two petaled ash,-119.059906,34.445944
Fraxinus dipetala,Two petaled ash,-117.64787,33.72259
Fraxinus dipetala,Two petaled ash,-118.4663,34.378721
Fraxinus dipetala,Two petaled ash,-117.57875,33.751220000000004
Fraxinus dipetala,Two petaled ash,-117.5776,33.7515
Fraxinus dipetala,Two petaled ash,-117.61523,33.71674
Fraxinus dipetala,Two petaled ash,-119.270841,34.519964
Fraxinus dipetala,Two petaled ash,-117.60146,33.72005
Fraxinus dipetala,Two petaled ash,-117.550131,33.740694
Fraxinus dipetala,Two petaled ash,-122.99917,38.354412
Fraxinus dipetala,Two petaled ash,-122.714851,39.30759
Fraxinus dipetala,Two petaled ash,-121.918951,37.902884
Fraxinus dipetala,Two petaled ash,-119.25293,34.556938
Fraxinus dipetala,Two petaled ash,-122.009236,40.494602
Fraxinus dipetala,Two petaled ash,-119.78741,34.54774
Fraxinus dipetala,Two petaled ash,-116.780508,33.595636
Fraxinus dipetala,Two petaled ash,-119.95253,37.87302
Fraxinus dipetala,Two petaled ash,-118.791343,36.448708
Fraxinus dipetala,Two petaled ash,-118.913942,34.484661
Fraxinus dipetala,Two petaled ash,-118.900253,34.486436
Fraxinus dipetala,Two petaled ash,-122.598741,40.664227
Fraxinus dipetala,Two petaled ash,-118.703288,34.576515
Fraxinus dipetala,Two petaled ash,-118.725119,34.599011
Fraxinus dipetala,Two petaled ash,-122.599551,40.669286
Fraxinus dipetala,Two petaled ash,-119.285419,34.477804
Fraxinus dipetala,Two petaled ash,-119.252305,34.532013
Fraxinus dipetala,Two petaled ash,-118.753089,34.09596
Fraxinus dipetala,Two petaled ash,-118.753491,34.09616
Fraxinus dipetala,Two petaled ash,-117.746888,34.272641
Fraxinus dipetala,Two petaled ash,-122.34517,40.78359
Fraxinus dipetala,Two petaled ash,-118.707833,34.125873
Fraxinus dipetala,Two petaled ash,-123.08244,39.38045
Fraxinus dipetala,Two petaled ash,-117.5991,33.79544
Fraxinus dipetala,Two petaled ash,-118.74737,34.61187
Fraxinus dipetala,Two petaled ash,-118.39264,34.60149
Fraxinus dipetala,Two petaled ash,-118.63704,34.61789
Fraxinus dipetala,Two petaled ash,-118.75075,34.6561
Fraxinus dipetala,Two petaled ash,-122.363611,39.010833
Fraxinus dipetala,Two petaled ash,-121.186832,36.498912
Fraxinus dipetala,Two petaled ash,-121.186003,36.499052
Fraxinus dipetala,Two petaled ash,-121.185595,36.500263
Fraxinus dipetala,Two petaled ash,-121.18011,36.496078
Fraxinus dipetala,Two petaled ash,-121.179726,36.496298
Fraxinus dipetala,Two petaled ash,-121.186841,36.482236
Fraxinus dipetala,Two petaled ash,-121.19178,36.471449
Fraxinus dipetala,Two petaled ash,-121.207644,36.510494
Fraxinus dipetala,Two petaled ash,-121.206489,36.510188
Fraxinus dipetala,Two petaled ash,-121.173863,36.482083
Fraxinus dipetala,Two petaled ash,-121.174269,36.482378
Fraxinus dipetala,Two petaled ash,-121.173412,36.482302
Fraxinus dipetala,Two petaled ash,-121.174455,36.471636
Fraxinus dipetala,Two petaled ash,-121.187167,36.483115
Fraxinus dipetala,Two petaled ash,-121.187556,36.482707
Fraxinus dipetala,Two petaled ash,-121.186343,36.489728
Fraxinus dipetala,Two petaled ash,-121.185801,36.494795
Fraxinus dipetala,Two petaled ash,-121.182222,36.475451
Fraxinus dipetala,Two petaled ash,-121.182293,36.477218
Fraxinus dipetala,Two petaled ash,-121.182519,36.477564
Fraxinus dipetala,Two petaled ash,-121.182951,36.462437
Fraxinus dipetala,Two petaled ash,-121.182374,36.462734
Fraxinus dipetala,Two petaled ash,-121.182714,36.462532
Fraxinus dipetala,Two petaled ash,-121.183686,36.462971
Fraxinus dipetala,Two petaled ash,-121.182887,36.462778
Fraxinus dipetala,Two petaled ash,-121.182188,36.458774
Fraxinus dipetala,Two petaled ash,-121.179034,36.496296
Fraxinus dipetala,Two petaled ash,-121.17303,36.482882
Fraxinus dipetala,Two petaled ash,-121.183691,36.500991
Fraxinus dipetala,Two petaled ash,-121.184257,36.478195
Fraxinus dipetala,Two petaled ash,-121.185624,36.493738
Fraxinus dipetala,Two petaled ash,-121.184784,36.496249
Fraxinus dipetala,Two petaled ash,-121.183551,36.496455
Fraxinus dipetala,Two petaled ash,-121.188467,36.490563
Fraxinus dipetala,Two petaled ash,-118.824379,36.494225
Fraxinus dipetala,Two petaled ash,-118.819183,36.498342
Fraxinus dipetala,Two petaled ash,-118.862857,36.48897
Fraxinus dipetala,Two petaled ash,-118.842319,36.488559
Fraxinus dipetala,Two petaled ash,-118.815571,36.486112
Fraxinus dipetala,Two petaled ash,-118.832301,36.485522
Fraxinus dipetala,Two petaled ash,-118.761582,36.520831
Fraxinus dipetala,Two petaled ash,-118.801175,36.514705
Fraxinus dipetala,Two petaled ash,-118.797641,36.525575
Fraxinus dipetala,Two petaled ash,-118.883858,36.542515
Fraxinus dipetala,Two petaled ash,-118.890245,36.542901
Fraxinus dipetala,Two petaled ash,-118.895016,36.547512
Fraxinus dipetala,Two petaled ash,-118.769362,36.350189
Fraxinus dipetala,Two petaled ash,-120.184348,37.617424
Fraxinus anomala,Single leaved ash,-117.84834,34.2254
Fraxinus anomala,Single leaved ash,-117.0728,36.2787
Fraxinus anomala,Single leaved ash,-115.5722,35.53593
Fraxinus anomala,Single leaved ash,-117.94970000000001,37.2328
